{"day1": 0.75425, "day2": 0.75425, "day3": 0.57675, "day4": 0.4405, "day5": 0.5730833333333333, "day6": 0.8695416666666667, "day7": 1.1048333333333333, "day8": 0.9025, "day9": 1.0177916666666667, "day10": 0.91625, "day11": 1.0831666666666666, "day12": 1.0845, "day13": 1.0034166666666666, "day14": 0.8836666666666667, "day15": 1.1954166666666666, "day16": 1.3619166666666667, "day17": 1.367125, "day18": 1.0447083333333333, "day19": 0.7648333333333334, "day20": 1.2228333333333334, "day21": 1.4042083333333333}