{"day1": 1.786, "day2": 1.34275, "day3": 1.2220833333333334, "day5": 1.3670833333333334}