{"day1": 1.1234329166666666, "day2": 1.1234329166666666, "day3": 1.5454029166666667, "day4": 1.1464354166666666, "day5": 1.1464354166666666, "day6": 1.2603845833333334, "day7": 1.2603845833333334, "day8": 1.2603845833333334, "day9": 1.33281625, "day10": 1.33281625, "day11": 1.33281625, "day12": 0.899535, "day13": 0.899535, "day14": 0.899535, "day15": 0.899535, "day16": 0.899535, "day17": 0.899535, "day18": 1.3838116666666667, "day19": 1.3838116666666667, "day20": 1.3838116666666667, "day21": 1.5018333333333334}