{"day1": 0.6644166666666667, "day2": 0.8046666666666666, "day3": 0.6237083333333333, "day4": 0.613375, "day5": 0.87875, "day6": 0.9001666666666667, "day7": 0.9687916666666667, "day8": 0.8907916666666666, "day9": 0.8903333333333333, "day10": 0.6260833333333333, "day11": 0.4613333333333333, "day12": 0.8816666666666667, "day13": 0.9873333333333333, "day14": 1.0523333333333333, "day15": 1.1617916666666668, "day16": 1.2319583333333333, "day17": 1.0710416666666667, "day18": 1.0315, "day19": 1.1542083333333333, "day20": 1.310625, "day21": 1.3152916666666667, "day23": 1.1257916666666667}