{"day1": 0.6644166666666667, "day2": 0.8046666666666666, "day3": 0.6237083333333333, "day4": 0.613375, "day5": 0.87875, "day6": 0.9001666666666667, "day7": 0.9687916666666667, "day8": 0.8907916666666666}