{"day1": 0.6461250000000001, "day2": 0.6461250000000001, "day3": 0.49420833333333336, "day4": 0.82425, "day5": 0.8170416666666667, "day6": 0.9580416666666667, "day7": 1.0134583333333333, "day8": 0.8698333333333333, "day9": 0.9532499999999999, "day10": 0.9864583333333333}