{"day1": 1.06425, "day2": 1.2115833333333332, "day3": 1.18475, "day4": 1.1308333333333334, "day5": 0.9782916666666667, "day6": 0.9434583333333333, "day7": 0.8828333333333334, "day8": 1.023125, "day9": 0.9680416666666667, "day10": 0.9329583333333333, "day11": 1.0141666666666667, "day12": 0.9162916666666666, "day13": 0.741375, "day14": 0.7264166666666666, "day15": 0.957125, "day16": 0.6445, "day17": 0.5225416666666667, "day18": 0.8800416666666666}